Code,Name,Geography,Census 2021,Births,Deaths,Births minus Deaths,Internal Migration Inflow,Internal Migration Outflow,Internal Migration Net,International migration Net,Other,Estimated Population 2021, ,  
K04000001,ENGLAND AND WALES,Country,"59,597,415","170,671","132,230","38,441","783,265","778,175","5,090",883,0,"59,641,829",,
E92000001,ENGLAND,Country,"56,490,645","162,942","124,015","38,927","756,419","750,461","5,958",889,0,"56,536,419",,
E12000001,NORTH EAST,Region,"2,646,260","6,850","6,974",-124,"24,035","23,362",673,-37,0,"2,646,772",,
E06000047,County Durham,Unitary Authority,"521,885","1,269","1,461",-192,"4,629","4,976",-347,0,0,"521,346",,
E06000005,Darlington,Unitary Authority,"107,740",303,265,38,"1,315",871,444,0,0,"108,222",,
E06000001,Hartlepool,Unitary Authority,"92,295",259,239,20,854,598,256,0,0,"92,571",,
E06000002,Middlesbrough,Unitary Authority,"143,870",476,366,110,"1,511","1,761",-250,4,0,"143,734",,
E06000057,Northumberland,Unitary Authority,"320,560",702,922,-220,"3,002","1,784","1,218",0,0,"321,558",,
E06000003,Redcar and Cleveland,Unitary Authority,"136,475",333,399,-66,"1,154",947,207,0,0,"136,616",,
E06000004,Stockton-on-Tees,Unitary Authority,"196,555",497,451,46,"1,923","1,494",429,0,0,"197,030",,
E11000007,Tyne and Wear (Met County),Metropolitan County,"1,126,880","3,011","2,871",140,"9,647","10,931","-1,284",-41,0,"1,125,695",,
E08000037,Gateshead,Metropolitan District,"196,110",532,537,-5,"1,753","1,705",48,1,0,"196,154",,
E08000021,Newcastle upon Tyne,Metropolitan District,"300,075",807,591,216,"3,362","5,345","-1,983",-44,0,"298,264",,
E08000022,North Tyneside,Metropolitan District,"208,885",527,560,-33,"1,770","1,471",299,0,0,"209,151",,
E08000023,South Tyneside,Metropolitan District,"147,715",438,395,43,938,781,157,0,0,"147,915",,
E08000024,Sunderland,Metropolitan District,"274,095",707,788,-81,"1,824","1,629",195,2,0,"274,211",,
E12000002,NORTH WEST,Region,"7,416,130","21,151","18,004","3,147","80,501","77,688","2,813",205,0,"7,422,295",,
E06000008,Blackburn with Darwen,Unitary Authority,"154,730",567,340,227,"1,304","1,340",-36,1,0,"154,922",,
E06000009,Blackpool,Unitary Authority,"140,995",392,478,-86,"1,738","1,695",43,2,0,"140,954",,
E06000049,Cheshire East,Unitary Authority,"398,675","1,007",976,31,"4,692","2,870","1,822",0,0,"400,528",,
E06000050,Cheshire West and Chester,Unitary Authority,"357,190",890,874,16,"3,521","3,038",483,10,0,"357,699",,
E06000006,Halton,Unitary Authority,"128,465",387,269,118,"1,059","1,065",-6,0,0,"128,577",,
E06000007,Warrington,Unitary Authority,"210,940",512,525,-13,"1,973","1,674",299,1,0,"211,227",,
E10000006,Cumbria,County,"499,725","1,093","1,484",-391,"4,859","3,373","1,486",1,0,"500,821",,
E07000026,Allerdale,Non-metropolitan District,"96,140",214,251,-37,853,572,281,0,0,"96,384",,
E07000027,Barrow-in-Furness,Non-metropolitan District,"67,380",149,226,-77,423,351,72,0,0,"67,375",,
E07000028,Carlisle,Non-metropolitan District,"110,000",302,326,-24,960,682,278,1,0,"110,255",,
E07000029,Copeland,Non-metropolitan District,"67,085",165,199,-34,478,353,125,0,0,"67,176",,
E07000030,Eden,Non-metropolitan District,"54,725",91,149,-58,690,402,288,0,0,"54,955",,
E07000031,South Lakeland,Non-metropolitan District,"104,395",172,333,-161,"1,455","1,013",442,0,0,"104,676",,
E11000001,Greater Manchester (Met County),Metropolitan County,"2,867,340","9,018","6,023","2,995","31,781","33,902","-2,121",173,0,"2,868,387",,
E08000001,Bolton,Metropolitan District,"295,945",925,696,229,"2,385","2,520",-135,2,0,"296,041",,
E08000002,Bury,Metropolitan District,"193,795",590,463,127,"1,740","1,839",-99,0,0,"193,823",,
E08000003,Manchester,Metropolitan District,"551,895","1,820",801,"1,019","8,374","11,552","-3,178",117,0,"549,853",,
E08000004,Oldham,Metropolitan District,"242,065",841,522,319,"1,837","2,153",-316,4,0,"242,072",,
E08000005,Rochdale,Metropolitan District,"223,735",753,506,247,"2,043","1,940",103,2,0,"224,087",,
E08000006,Salford,Metropolitan District,"269,880",948,525,423,"4,863","4,443",420,41,0,"270,764",,
E08000007,Stockport,Metropolitan District,"294,725",864,692,172,"2,907","2,562",345,1,0,"295,243",,
E08000008,Tameside,Metropolitan District,"231,035",688,545,143,"2,090","2,070",20,1,0,"231,199",,
E08000009,Trafford,Metropolitan District,"235,045",661,487,174,"2,860","2,537",323,4,0,"235,546",,
E08000010,Wigan,Metropolitan District,"329,220",928,786,142,"2,682","2,286",396,1,0,"329,759",,
E10000017,Lancashire,County,"1,235,060","3,269","3,246",23,"14,501","13,560",941,11,0,"1,236,035",,
E07000117,Burnley,Non-metropolitan District,"94,605",288,228,60,898,842,56,0,0,"94,721",,
E07000118,Chorley,Non-metropolitan District,"117,710",286,285,1,"1,282","1,056",226,0,0,"117,937",,
E07000119,Fylde,Non-metropolitan District,"81,405",153,262,-109,"1,306",757,549,0,0,"81,845",,
E07000120,Hyndburn,Non-metropolitan District,"82,185",281,213,68,856,848,8,0,0,"82,261",,
E07000121,Lancaster,Non-metropolitan District,"142,885",342,382,-40,"1,484","2,167",-683,0,0,"142,162",,
E07000122,Pendle,Non-metropolitan District,"95,750",309,216,93,859,913,-54,0,0,"95,789",,
E07000123,Preston,Non-metropolitan District,"147,800",501,340,161,"1,776","2,130",-354,10,0,"147,617",,
E07000124,Ribble Valley,Non-metropolitan District,"61,555",143,160,-17,911,542,369,0,0,"61,907",,
E07000125,Rossendale,Non-metropolitan District,"70,845",214,169,45,735,615,120,0,0,"71,010",,
E07000126,South Ribble,Non-metropolitan District,"111,005",269,254,15,"1,229","1,046",183,1,0,"111,204",,
E07000127,West Lancashire,Non-metropolitan District,"117,420",269,340,-71,"1,258","1,482",-224,0,0,"117,125",,
E07000128,Wyre,Non-metropolitan District,"111,895",214,397,-183,"1,907","1,162",745,0,0,"112,457",,
E11000002,Merseyside (Met County),Metropolitan County,"1,423,010","4,016","3,789",227,"15,073","15,171",-98,6,0,"1,423,145",,
E08000011,Knowsley,Metropolitan District,"154,470",537,376,161,"1,850","1,507",343,0,0,"154,974",,
E08000012,Liverpool,Metropolitan District,"486,060","1,499","1,146",353,"6,534","8,462","-1,928",3,0,"484,488",,
E08000014,Sefton,Metropolitan District,"279,175",679,807,-128,"2,714","2,069",645,0,0,"279,692",,
E08000013,St. Helens,Metropolitan District,"183,195",493,504,-11,"1,681","1,474",207,0,0,"183,391",,
E08000015,Wirral,Metropolitan District,"320,110",808,956,-148,"2,294","1,659",635,3,0,"320,600",,
E12000003,YORKSHIRE AND THE HUMBER,Region,"5,480,640","15,187","13,128","2,059","52,351","53,583","-1,232",-36,0,"5,481,431",,
E06000011,East Riding of Yorkshire,Unitary Authority,"342,225",731,"1,048",-317,"3,986","2,751","1,235",0,0,"343,143",,
E06000010,"Kingston upon Hull, City of",Unitary Authority,"266,930",813,602,211,"2,155","2,805",-650,-28,0,"266,463",,
E06000012,North East Lincolnshire,Unitary Authority,"156,885",410,447,-37,"1,296",947,349,0,0,"157,197",,
E06000013,North Lincolnshire,Unitary Authority,"169,600",434,449,-15,"1,423","1,069",354,1,0,"169,940",,
E06000014,York,Unitary Authority,"202,860",449,409,40,"2,307","3,535","-1,228",0,0,"201,672",,
E10000023,North Yorkshire,County,"616,190","1,416","1,643",-227,"8,751","5,869","2,882",2,0,"618,847",,
E07000163,Craven,Non-metropolitan District,"56,895",106,179,-73,821,553,268,0,0,"57,090",,
E07000164,Hambleton,Non-metropolitan District,"90,650",215,253,-38,"1,278",853,425,0,0,"91,037",,
E07000165,Harrogate,Non-metropolitan District,"163,080",354,409,-55,"2,475","1,396","1,079",1,0,"164,105",,
E07000166,Richmondshire,Non-metropolitan District,"50,265",132,121,11,772,690,82,0,0,"50,358",,
E07000167,Ryedale,Non-metropolitan District,"54,690",119,140,-21,784,556,228,0,0,"54,897",,
E07000168,Scarborough,Non-metropolitan District,"108,670",234,342,-108,"1,332",936,396,1,0,"108,959",,
E07000169,Selby,Non-metropolitan District,"91,940",256,199,57,"1,289",885,404,0,0,"92,401",,
E11000003,South Yorkshire (Met County),Metropolitan County,"1,374,785","3,867","3,321",546,"11,863","13,025","-1,162",13,0,"1,374,182",,
E08000016,Barnsley,Metropolitan District,"244,520",659,666,-7,"2,096","1,717",379,1,0,"244,893",,
E08000017,Doncaster,Metropolitan District,"308,035",931,778,153,"2,578","2,061",517,0,0,"308,705",,
E08000018,Rotherham,Metropolitan District,"265,760",748,700,48,"2,370","1,996",374,1,0,"266,183",,
E08000019,Sheffield,Metropolitan District,"556,470","1,529","1,177",352,"4,819","7,251","-2,432",11,0,"554,401",,
E11000006,West Yorkshire (Met County),Metropolitan County,"2,351,165","7,067","5,209","1,858","20,570","23,582","-3,012",-24,0,"2,349,987",,
E08000032,Bradford,Metropolitan District,"546,345","1,872","1,175",697,"4,565","4,629",-64,-2,0,"546,976",,
E08000033,Calderdale,Metropolitan District,"206,600",558,531,27,"1,928","1,738",190,1,0,"206,818",,
E08000034,Kirklees,Metropolitan District,"433,135","1,288",983,305,"3,502","3,567",-65,-20,0,"433,355",,
E08000035,Leeds,Metropolitan District,"811,830","2,339","1,700",639,"7,360","10,788","-3,428",-5,0,"809,036",,
E08000036,Wakefield,Metropolitan District,"353,255","1,010",820,190,"3,215","2,860",355,2,0,"353,802",,
E12000004,EAST MIDLANDS,Region,"4,879,210","13,075","11,497","1,578","62,376","62,819",-443,-251,0,"4,880,094",,
E06000015,Derby,Unitary Authority,"261,320",825,531,294,"3,137","3,610",-473,-5,0,"261,136",,
E06000016,Leicester,Unitary Authority,"368,545","1,084",622,462,"3,190","5,999","-2,809",-180,0,"366,018",,
E06000061,North Northamptonshire ,Unitary Authority,"359,430","1,055",794,261,"3,559","2,869",690,0,0,"360,381",,
E06000018,Nottingham,Unitary Authority,"323,565",955,595,360,"4,128","8,422","-4,294",-65,0,"319,566",,
E06000017,Rutland,Unitary Authority,"41,210",78,104,-26,787,590,197,0,0,"41,381",,
E06000062,West Northamptonshire ,Unitary Authority,"425,635","1,299",821,478,"4,460","4,111",349,0,0,"426,462",,
E10000007,Derbyshire,County,"794,440","2,011","2,174",-163,"10,875","8,305","2,570",0,0,"796,847",,
E07000032,Amber Valley,Non-metropolitan District,"126,170",312,353,-41,"1,571","1,211",360,0,0,"126,489",,
E07000033,Bolsover,Non-metropolitan District,"80,225",216,238,-22,"1,121",848,273,0,0,"80,476",,
E07000034,Chesterfield,Non-metropolitan District,"103,560",259,296,-37,"1,177","1,028",149,0,0,"103,672",,
E07000035,Derbyshire Dales,Non-metropolitan District,"71,540",126,212,-86,"1,009",782,227,0,0,"71,681",,
E07000036,Erewash,Non-metropolitan District,"112,915",304,308,-4,"1,425","1,289",136,0,0,"113,047",,
E07000037,High Peak,Non-metropolitan District,"90,900",210,220,-10,995,781,214,0,0,"91,104",,
E07000038,North East Derbyshire,Non-metropolitan District,"101,965",260,318,-58,"1,454","1,046",408,0,0,"102,315",,
E07000039,South Derbyshire,Non-metropolitan District,"107,165",324,229,95,"2,123","1,320",803,0,0,"108,063",,
E10000018,Leicestershire,County,"712,095","1,800","1,619",181,"9,505","9,210",295,1,0,"712,572",,
E07000129,Blaby,Non-metropolitan District,"102,900",285,214,71,"1,417","1,117",300,0,0,"103,271",,
E07000130,Charnwood,Non-metropolitan District,"183,915",472,403,69,"2,144","3,312","-1,168",1,0,"182,817",,
E07000131,Harborough,Non-metropolitan District,"97,575",259,242,17,"1,740","1,045",695,0,0,"98,287",,
E07000132,Hinckley and Bosworth,Non-metropolitan District,"113,600",242,276,-34,"1,290","1,196",94,0,0,"113,660",,
E07000133,Melton,Non-metropolitan District,"51,705",122,136,-14,598,516,82,0,0,"51,773",,
E07000134,North West Leicestershire,Non-metropolitan District,"104,670",266,207,59,"1,441","1,159",282,0,0,"105,011",,
E07000135,Oadby and Wigston,Non-metropolitan District,"57,730",154,141,13,875,865,10,0,0,"57,753",,
E10000019,Lincolnshire,County,"768,410","1,780","2,120",-340,"11,604","10,196","1,408",-4,0,"769,474",,
E07000136,Boston,Non-metropolitan District,"70,465",211,187,24,993,685,308,1,0,"70,798",,
E07000137,East Lindsey,Non-metropolitan District,"142,350",290,513,-223,"2,445","1,621",824,0,0,"142,951",,
E07000138,Lincoln,Non-metropolitan District,"103,810",228,215,13,"1,446","2,933","-1,487",-6,0,"102,330",,
E07000139,North Kesteven,Non-metropolitan District,"118,195",269,319,-50,"1,788","1,380",408,0,0,"118,553",,
E07000140,South Holland,Non-metropolitan District,"95,090",259,279,-20,"1,320",905,415,0,0,"95,485",,
E07000141,South Kesteven,Non-metropolitan District,"143,350",308,346,-38,"1,975","1,500",475,0,0,"143,787",,
E07000142,West Lindsey,Non-metropolitan District,"95,150",215,261,-46,"1,637","1,172",465,1,0,"95,570",,
E10000024,Nottinghamshire,County,"824,560","2,188","2,117",71,"11,131","9,507","1,624",2,0,"826,257",,
E07000170,Ashfield,Non-metropolitan District,"126,240",343,327,16,"1,465","1,350",115,1,0,"126,372",,
E07000171,Bassetlaw,Non-metropolitan District,"117,755",307,313,-6,"1,530",928,602,0,0,"118,351",,
E07000172,Broxtowe,Non-metropolitan District,"110,930",279,288,-9,"1,668","1,777",-109,1,0,"110,813",,
E07000173,Gedling,Non-metropolitan District,"117,215",309,299,10,"1,487","1,414",73,0,0,"117,298",,
E07000174,Mansfield,Non-metropolitan District,"110,440",318,278,40,"1,259","1,137",122,0,0,"110,602",,
E07000175,Newark and Sherwood,Non-metropolitan District,"122,915",338,330,8,"1,764","1,304",460,0,0,"123,383",,
E07000176,Rushcliffe,Non-metropolitan District,"119,065",294,282,12,"1,958","1,597",361,0,0,"119,438",,
E12000005,WEST MIDLANDS,Region,"5,950,060","17,326","13,759","3,567","65,906","65,392",514,99,0,"5,954,240",,
E06000019,"Herefordshire, County of",Unitary Authority,"186,925",425,546,-121,"2,276","1,523",753,0,0,"187,557",,
E06000051,Shropshire,Unitary Authority,"323,800",699,872,-173,"3,506","2,419","1,087",2,0,"324,716",,
E06000021,Stoke-on-Trent,Unitary Authority,"258,355",788,604,184,"2,157","2,663",-506,4,0,"258,037",,
E06000020,Telford and Wrekin,Unitary Authority,"185,470",508,369,139,"1,821","1,589",232,1,0,"185,842",,
E10000028,Staffordshire,County,"876,100","2,204","2,226",-22,"10,414","8,636","1,778",0,0,"877,856",,
E07000192,Cannock Chase,Non-metropolitan District,"100,475",289,243,46,"1,049",980,69,0,0,"100,590",,
E07000193,East Staffordshire,Non-metropolitan District,"124,020",365,291,74,"1,481","1,098",383,0,0,"124,477",,
E07000194,Lichfield,Non-metropolitan District,"106,490",242,278,-36,"1,556","1,101",455,0,0,"106,909",,
E07000195,Newcastle-under-Lyme,Non-metropolitan District,"123,275",298,333,-35,"1,445","1,659",-214,-1,0,"123,025",,
E07000196,South Staffordshire,Non-metropolitan District,"110,430",267,300,-33,"1,493","1,097",396,0,0,"110,793",,
E07000197,Stafford,Non-metropolitan District,"136,965",334,353,-19,"1,512","1,228",284,1,0,"137,231",,
E07000198,Staffordshire Moorlands,Non-metropolitan District,"95,820",187,264,-77,"1,004",754,250,0,0,"95,993",,
E07000199,Tamworth,Non-metropolitan District,"78,625",222,164,58,874,719,155,0,0,"78,838",,
E10000031,Warwickshire,County,"596,740","1,639","1,341",298,"8,894","6,782","2,112",3,0,"599,153",,
E07000218,North Warwickshire,Non-metropolitan District,"65,000",176,165,11,"1,046",717,329,0,0,"65,340",,
E07000219,Nuneaton and Bedworth,Non-metropolitan District,"134,185",417,326,91,"1,358","1,343",15,0,0,"134,291",,
E07000220,Rugby,Non-metropolitan District,"114,420",330,223,107,"1,478","1,178",300,2,0,"114,829",,
E07000221,Stratford-on-Avon,Non-metropolitan District,"134,725",336,314,22,"2,597","1,380","1,217",0,0,"135,964",,
E07000222,Warwick,Non-metropolitan District,"148,410",380,313,67,"2,415","2,164",251,1,0,"148,729",,
E11000005,West Midlands (Met County),Metropolitan County,"2,919,255","9,551","6,273","3,278","29,469","35,965","-6,496",95,0,"2,916,132",,
E08000025,Birmingham,Metropolitan District,"1,144,810","3,973","2,198","1,775","10,992","15,102","-4,110",19,0,"1,142,494",,
E08000026,Coventry,Metropolitan District,"345,250","1,053",718,335,"3,620","5,921","-2,301",36,0,"343,320",,
E08000027,Dudley,Metropolitan District,"323,375",938,820,118,"2,650","2,564",86,2,0,"323,581",,
E08000028,Sandwell,Metropolitan District,"341,815","1,165",716,449,"3,812","4,358",-546,11,0,"341,729",,
E08000029,Solihull,Metropolitan District,"216,200",571,539,32,"2,894","2,461",433,1,0,"216,666",,
E08000030,Walsall,Metropolitan District,"284,105",974,680,294,"2,800","2,898",-98,5,0,"284,306",,
E08000031,Wolverhampton,Metropolitan District,"263,700",877,602,275,"2,701","2,661",40,21,0,"264,036",,
E10000034,Worcestershire,County,"603,415","1,512","1,528",-16,"7,369","5,815","1,554",-6,0,"604,947",,
E07000234,Bromsgrove,Non-metropolitan District,"99,145",246,260,-14,"1,394","1,050",344,0,0,"99,475",,
E07000235,Malvern Hills,Non-metropolitan District,"79,460",131,197,-66,"1,383",804,579,0,0,"79,973",,
E07000236,Redditch,Non-metropolitan District,"86,960",281,188,93,614,671,-57,0,0,"86,996",,
E07000237,Worcester,Non-metropolitan District,"103,840",280,215,65,"1,092","1,374",-282,-6,0,"103,617",,
E07000238,Wychavon,Non-metropolitan District,"132,430",323,361,-38,"1,916","1,208",708,0,0,"133,100",,
E07000239,Wyre Forest,Non-metropolitan District,"101,580",251,307,-56,970,708,262,0,0,"101,786",,
E12000006,EAST,Region,"6,335,335","18,404","14,189","4,215","89,551","81,183","8,368",178,0,"6,348,096",,
E06000055,Bedford,Unitary Authority,"185,210",571,385,186,"2,412","2,052",360,5,0,"185,761",,
E06000056,Central Bedfordshire,Unitary Authority,"294,365",941,566,375,"4,366","3,573",793,8,0,"295,541",,
E06000032,Luton,Unitary Authority,"225,240",861,367,494,"2,158","3,175","-1,017",109,0,"224,826",,
E06000031,Peterborough,Unitary Authority,"215,680",713,414,299,"2,534","2,167",367,3,0,"216,349",,
E06000033,Southend-on-Sea,Unitary Authority,"180,670",482,487,-5,"2,048","2,112",-64,0,0,"180,601",,
E06000034,Thurrock,Unitary Authority,"175,990",641,318,323,"1,771","2,188",-417,6,0,"175,902",,
E10000003,Cambridgeshire,County,"678,860","1,892","1,365",527,"11,681","10,678","1,003",17,0,"680,407",,
E07000008,Cambridge,Non-metropolitan District,"145,695",369,202,167,"2,909","4,071","-1,162",14,0,"144,714",,
E07000009,East Cambridgeshire,Non-metropolitan District,"87,760",235,197,38,"1,412","1,065",347,0,0,"88,145",,
E07000010,Fenland,Non-metropolitan District,"102,455",289,296,-7,"1,476","1,182",294,0,0,"102,742",,
E07000011,Huntingdonshire,Non-metropolitan District,"180,845",524,389,135,"2,876","2,052",824,0,0,"181,804",,
E07000012,South Cambridgeshire,Non-metropolitan District,"162,105",475,281,194,"3,008","2,308",700,3,0,"163,002",,
E10000012,Essex,County,"1,503,635","4,489","3,542",947,"20,072","18,314","1,758",5,0,"1,506,345",,
E07000066,Basildon,Non-metropolitan District,"187,600",718,415,303,"2,051","2,296",-245,1,0,"187,659",,
E07000067,Braintree,Non-metropolitan District,"155,260",439,343,96,"2,098","1,744",354,0,0,"155,710",,
E07000068,Brentwood,Non-metropolitan District,"77,055",225,188,37,"1,098","1,087",11,0,0,"77,103",,
E07000069,Castle Point,Non-metropolitan District,"89,595",237,265,-28,"1,081",940,141,0,0,"89,708",,
E07000070,Chelmsford,Non-metropolitan District,"181,455",561,386,175,"2,361","2,227",134,-1,0,"181,763",,
E07000071,Colchester,Non-metropolitan District,"192,710",546,412,134,"2,543","2,962",-419,-1,0,"192,424",,
E07000072,Epping Forest,Non-metropolitan District,"134,965",432,276,156,"1,799","2,013",-214,2,0,"134,909",,
E07000073,Harlow,Non-metropolitan District,"93,335",349,193,156,"1,009","1,130",-121,4,0,"93,374",,
E07000074,Maldon,Non-metropolitan District,"66,230",171,141,30,"1,070",703,367,0,0,"66,627",,
E07000075,Rochford,Non-metropolitan District,"85,675",222,212,10,"1,355",854,501,0,0,"86,186",,
E07000076,Tendring,Non-metropolitan District,"148,265",344,548,-204,"2,125","1,252",873,0,0,"148,934",,
E07000077,Uttlesford,Non-metropolitan District,"91,490",245,163,82,"1,482","1,106",376,0,0,"91,948",,
E10000015,Hertfordshire,County,"1,198,720","3,751","2,296","1,455","18,210","17,784",426,19,0,"1,200,620",,
E07000095,Broxbourne,Non-metropolitan District,"98,995",317,179,138,"1,463","1,458",5,0,0,"99,138",,
E07000096,Dacorum,Non-metropolitan District,"155,040",484,300,184,"2,051","2,061",-10,3,0,"155,217",,
E07000242,East Hertfordshire,Non-metropolitan District,"150,135",476,323,153,"2,330","1,931",399,0,0,"150,687",,
E07000098,Hertsmere,Non-metropolitan District,"107,840",341,220,121,"1,961","1,820",141,3,0,"108,105",,
E07000099,North Hertfordshire,Non-metropolitan District,"133,205",388,292,96,"2,127","1,859",268,2,0,"133,571",,
E07000240,St Albans,Non-metropolitan District,"148,175",435,258,177,"2,323","2,034",289,0,0,"148,641",,
E07000243,Stevenage,Non-metropolitan District,"89,480",288,171,117,"1,053","1,333",-280,3,0,"89,320",,
E07000102,Three Rivers,Non-metropolitan District,"93,775",254,177,77,"1,439","1,339",100,0,0,"93,952",,
E07000103,Watford,Non-metropolitan District,"102,255",391,168,223,"1,731","1,766",-35,8,0,"102,451",,
E07000241,Welwyn Hatfield,Non-metropolitan District,"119,820",377,208,169,"1,732","2,183",-451,0,0,"119,538",,
E10000020,Norfolk,County,"916,190","2,193","2,511",-318,"13,688","11,192","2,496",1,0,"918,369",,
E07000143,Breckland,Non-metropolitan District,"141,520",364,391,-27,"2,128","1,457",671,0,0,"142,164",,
E07000144,Broadland,Non-metropolitan District,"131,700",311,387,-76,"1,998","1,375",623,0,0,"132,247",,
E07000145,Great Yarmouth,Non-metropolitan District,"99,765",257,303,-46,"1,275",848,427,0,0,"100,146",,
E07000146,King's Lynn and West Norfolk,Non-metropolitan District,"154,460",371,432,-61,"1,844","1,333",511,0,0,"154,910",,
E07000147,North Norfolk,Non-metropolitan District,"102,945",161,348,-187,"1,692","1,193",499,0,0,"103,257",,
E07000148,Norwich,Non-metropolitan District,"143,895",359,272,87,"2,336","3,201",-865,1,0,"143,118",,
E07000149,South Norfolk,Non-metropolitan District,"141,905",370,378,-8,"2,415","1,785",630,0,0,"142,527",,
E10000029,Suffolk,County,"760,775","1,870","1,938",-68,"10,611","7,948","2,663",5,0,"763,375",,
E07000200,Babergh,Non-metropolitan District,"92,315",215,236,-21,"1,488","1,059",429,0,0,"92,723",,
E07000244,East Suffolk,Non-metropolitan District,"245,965",508,771,-263,"3,312","2,213","1,099",0,0,"246,801",,
E07000202,Ipswich,Non-metropolitan District,"139,615",420,284,136,"1,553","1,693",-140,3,0,"139,614",,
E07000203,Mid Suffolk,Non-metropolitan District,"102,795",223,245,-22,"1,817","1,173",644,0,0,"103,417",,
E07000245,West Suffolk,Non-metropolitan District,"180,085",504,402,102,"2,441","1,810",631,2,0,"180,820",,
E12000007,LONDON,Region,"8,799,730","30,739","12,181","18,558","177,657","199,967","-22,310",650,0,"8,796,628",,
E09000007,Camden,London Borough,"210,125",659,297,362,"6,320","6,412",-92,-5,0,"210,390",,
E09000001,City of London,London Borough,"8,595",13,17,-4,457,443,14,13,0,"8,618",,
E09000012,Hackney,London Borough,"259,155","1,155",279,876,"6,499","6,574",-75,0,0,"259,956",,
E09000013,Hammersmith and Fulham,London Borough,"183,135",594,247,347,"5,944","6,138",-194,7,0,"183,295",,
E09000014,Haringey,London Borough,"264,210",960,323,637,"6,156","6,880",-724,7,0,"264,130",,
E09000019,Islington,London Borough,"216,580",738,274,464,"6,445","6,722",-277,0,0,"216,767",,
E09000020,Kensington and Chelsea,London Borough,"143,360",396,182,214,"4,381","4,014",367,-1,0,"143,940",,
E09000022,Lambeth,London Borough,"317,615",952,300,652,"9,155","9,923",-768,-1,0,"317,498",,
E09000023,Lewisham,London Borough,"300,520","1,081",381,700,"5,657","7,075","-1,418",8,0,"299,810",,
E09000025,Newham,London Borough,"351,060","1,482",374,"1,108","7,210","8,905","-1,695",153,0,"350,626",,
E09000028,Southwark,London Borough,"307,605",961,288,673,"7,494","9,395","-1,901",-3,0,"306,374",,
E09000030,Tower Hamlets,London Borough,"310,295","1,201",272,929,"9,566","8,593",973,76,0,"312,273",,
E09000032,Wandsworth,London Borough,"327,465","1,189",350,839,"9,989","9,940",49,14,0,"328,367",,
E09000033,Westminster,London Borough,"204,390",590,260,330,"6,669","6,237",432,-65,0,"205,087",,
E09000002,Barking and Dagenham,London Borough,"218,870",908,306,602,"3,364","4,341",-977,39,0,"218,534",,
E09000003,Barnet,London Borough,"389,350","1,326",554,772,"6,187","7,668","-1,481",-2,0,"388,639",,
E09000004,Bexley,London Borough,"246,465",751,525,226,"3,002","3,159",-157,9,0,"246,543",,
E09000005,Brent,London Borough,"339,810","1,191",446,745,"6,533","8,224","-1,691",54,0,"338,918",,
E09000006,Bromley,London Borough,"329,960","1,014",651,363,"4,064","4,564",-500,7,0,"329,830",,
E09000008,Croydon,London Borough,"390,700","1,388",609,779,"6,163","7,170","-1,007",34,0,"390,506",,
E09000009,Ealing,London Borough,"367,090","1,290",530,760,"6,592","8,325","-1,733",10,0,"366,127",,
E09000010,Enfield,London Borough,"329,970","1,068",511,557,"4,574","5,522",-948,22,0,"329,601",,
E09000011,Greenwich,London Borough,"289,145","1,077",376,701,"5,315","5,940",-625,33,0,"289,254",,
E09000015,Harrow,London Borough,"261,260",852,393,459,"3,861","4,630",-769,37,0,"260,987",,
E09000016,Havering,London Borough,"262,045",871,544,327,"3,217","3,574",-357,7,0,"262,022",,
E09000017,Hillingdon,London Borough,"306,010","1,114",501,613,"4,507","6,383","-1,876",45,0,"304,792",,
E09000018,Hounslow,London Borough,"288,235","1,023",385,638,"4,876","5,844",-968,35,0,"287,940",,
E09000021,Kingston upon Thames,London Borough,"168,030",525,262,263,"2,862","3,318",-456,8,0,"167,845",,
E09000024,Merton,London Borough,"215,155",737,280,457,"4,601","4,897",-296,8,0,"215,324",,
E09000026,Redbridge,London Borough,"310,235","1,217",406,811,"4,916","6,196","-1,280",70,0,"309,836",,
E09000027,Richmond upon Thames,London Borough,"195,260",582,308,274,"3,507","3,813",-306,4,0,"195,232",,
E09000029,Sutton,London Borough,"209,610",673,382,291,"2,619","3,008",-389,5,0,"209,517",,
E09000031,Waltham Forest,London Borough,"278,420","1,161",368,793,"4,955","6,140","-1,185",22,0,"278,050",,
E12000008,SOUTH EAST,Region,"9,280,210","26,042","19,929","6,113","128,577","120,954","7,623",77,0,"9,294,023",,
E06000036,Bracknell Forest,Unitary Authority,"124,815",433,178,255,"1,676","1,576",100,4,0,"125,174",,
E06000043,Brighton and Hove,Unitary Authority,"277,100",629,503,126,"4,032","4,925",-893,1,0,"276,334",,
E06000060,Buckinghamshire,Unitary Authority,"553,245","1,695","1,034",661,"7,158","5,819","1,339",12,0,"555,257",,
E06000046,Isle of Wight,Unitary Authority,"140,430",310,435,-125,"1,488",905,583,1,0,"140,889",,
E06000035,Medway,Unitary Authority,"279,740",901,568,333,"2,730","2,981",-251,5,0,"279,827",,
E06000042,Milton Keynes,Unitary Authority,"287,010",962,437,525,"3,518","2,865",653,13,0,"288,201",,
E06000044,Portsmouth,Unitary Authority,"208,065",657,466,191,"2,086","3,468","-1,382",-46,0,"206,828",,
E06000038,Reading,Unitary Authority,"174,180",588,265,323,"2,431","3,771","-1,340",7,0,"173,170",,
E06000039,Slough,Unitary Authority,"158,510",590,213,377,"1,846","2,452",-606,8,0,"158,289",,
E06000045,Southampton,Unitary Authority,"248,870",784,431,353,"2,548","4,535","-1,987",20,0,"247,256",,
E06000037,West Berkshire,Unitary Authority,"161,455",389,299,90,"2,113","1,794",319,1,0,"161,865",,
E06000040,Windsor and Maidenhead,Unitary Authority,"153,730",415,298,117,"2,184","2,113",71,3,0,"153,921",,
E06000041,Wokingham,Unitary Authority,"177,495",514,297,217,"2,672","2,220",452,5,0,"178,169",,
E10000011,East Sussex,County,"545,705","1,256","1,577",-321,"8,076","6,538","1,538",2,0,"546,924",,
E07000061,Eastbourne,Non-metropolitan District,"101,640",252,313,-61,"1,393","1,380",13,1,0,"101,593",,
E07000062,Hastings,Non-metropolitan District,"91,015",239,234,5,"1,078","1,139",-61,0,0,"90,959",,
E07000063,Lewes,Non-metropolitan District,"99,860",206,280,-74,"1,475","1,067",408,0,0,"100,194",,
E07000064,Rother,Non-metropolitan District,"93,105",178,321,-143,"1,612","1,145",467,0,0,"93,429",,
E07000065,Wealden,Non-metropolitan District,"160,085",381,429,-48,"2,518","1,807",711,1,0,"160,749",,
E10000014,Hampshire,County,"1,402,035","3,664","3,137",527,"18,998","15,362","3,636",1,0,"1,406,199",,
E07000084,Basingstoke and Deane,Non-metropolitan District,"185,080",529,321,208,"2,125","1,758",367,1,0,"185,656",,
E07000085,East Hampshire,Non-metropolitan District,"125,700",288,256,32,"1,950","1,483",467,0,0,"126,199",,
E07000086,Eastleigh,Non-metropolitan District,"136,450",411,274,137,"1,746","1,359",387,0,0,"136,974",,
E07000087,Fareham,Non-metropolitan District,"114,840",243,309,-66,"1,367","1,148",219,0,0,"114,993",,
E07000088,Gosport,Non-metropolitan District,"82,110",211,202,9,867,808,59,0,0,"82,178",,
E07000089,Hart,Non-metropolitan District,"99,730",248,160,88,"1,548","1,073",475,0,0,"100,293",,
E07000090,Havant,Non-metropolitan District,"124,190",313,326,-13,"1,542","1,249",293,0,0,"124,470",,
E07000091,New Forest,Non-metropolitan District,"175,765",392,534,-142,"2,204","1,565",639,0,0,"176,262",,
E07000092,Rushmoor,Non-metropolitan District,"99,930",336,175,161,"1,311","1,334",-23,0,0,"100,068",,
E07000093,Test Valley,Non-metropolitan District,"130,530",367,280,87,"1,957","1,384",573,0,0,"131,190",,
E07000094,Winchester,Non-metropolitan District,"127,710",326,300,26,"2,381","2,201",180,0,0,"127,916",,
E10000016,Kent,County,"1,575,875","4,588","3,651",937,"20,715","19,012","1,703",4,0,"1,578,519",,
E07000105,Ashford,Non-metropolitan District,"132,705",390,289,101,"1,700","1,331",369,3,0,"133,178",,
E07000106,Canterbury,Non-metropolitan District,"157,410",375,390,-15,"2,309","3,138",-829,-12,0,"156,554",,
E07000107,Dartford,Non-metropolitan District,"116,725",483,217,266,"1,539","1,760",-221,7,0,"116,777",,
E07000108,Dover,Non-metropolitan District,"116,420",297,339,-42,"1,292","1,075",217,0,0,"116,595",,
E07000112,Folkestone and Hythe,Non-metropolitan District,"109,755",252,319,-67,"1,463","1,095",368,0,0,"110,056",,
E07000109,Gravesham,Non-metropolitan District,"106,870",355,243,112,"1,139","1,287",-148,4,0,"106,838",,
E07000110,Maidstone,Non-metropolitan District,"175,770",550,359,191,"2,627","1,876",751,0,0,"176,712",,
E07000111,Sevenoaks,Non-metropolitan District,"120,485",354,274,80,"1,787","1,512",275,1,0,"120,841",,
E07000113,Swale,Non-metropolitan District,"151,670",444,311,133,"1,758","1,338",420,0,0,"152,223",,
E07000114,Thanet,Non-metropolitan District,"140,550",381,406,-25,"1,390","1,238",152,1,0,"140,678",,
E07000115,Tonbridge and Malling,Non-metropolitan District,"132,205",401,263,138,"1,807","1,764",43,0,0,"132,386",,
E07000116,Tunbridge Wells,Non-metropolitan District,"115,310",306,241,65,"1,904","1,598",306,0,0,"115,681",,
E10000025,Oxfordshire,County,"725,895","1,963","1,413",550,"11,541","11,470",71,14,0,"726,530",,
E07000177,Cherwell,Non-metropolitan District,"161,055",491,300,191,"2,342","1,756",586,5,0,"161,837",,
E07000178,Oxford,Non-metropolitan District,"162,080",359,220,139,"2,580","4,784","-2,204",6,0,"160,021",,
E07000179,South Oxfordshire,Non-metropolitan District,"149,220",419,320,99,"2,565","1,862",703,2,0,"150,024",,
E07000180,Vale of White Horse,Non-metropolitan District,"138,905",398,300,98,"2,267","1,783",484,0,0,"139,487",,
E07000181,West Oxfordshire,Non-metropolitan District,"114,635",296,273,23,"1,787","1,285",502,1,0,"115,161",,
E10000030,Surrey,County,"1,203,385","3,410","2,457",953,"19,957","18,693","1,264",14,0,"1,205,616",,
E07000207,Elmbridge,Non-metropolitan District,"138,755",366,250,116,"2,492","1,998",494,4,0,"139,369",,
E07000208,Epsom and Ewell,Non-metropolitan District,"80,920",232,166,66,"1,318","1,306",12,0,0,"80,998",,
E07000209,Guildford,Non-metropolitan District,"144,030",382,256,126,"2,447","2,675",-228,1,0,"143,929",,
E07000210,Mole Valley,Non-metropolitan District,"87,350",195,206,-11,"1,513","1,244",269,0,0,"87,608",,
E07000211,Reigate and Banstead,Non-metropolitan District,"150,840",489,320,169,"2,550","2,140",410,4,0,"151,423",,
E07000212,Runnymede,Non-metropolitan District,"88,075",272,183,89,"1,393","1,817",-424,-1,0,"87,739",,
E07000213,Spelthorne,Non-metropolitan District,"102,965",310,208,102,"1,508","1,582",-74,2,0,"102,995",,
E07000214,Surrey Heath,Non-metropolitan District,"90,450",222,165,57,"1,388","1,250",138,0,0,"90,645",,
E07000215,Tandridge,Non-metropolitan District,"87,855",284,208,76,"1,506","1,294",212,0,0,"88,143",,
E07000216,Waverley,Non-metropolitan District,"128,200",339,301,38,"2,387","1,747",640,0,0,"128,878",,
E07000217,Woking,Non-metropolitan District,"103,945",319,194,125,"1,455","1,640",-185,4,0,"103,889",,
E10000032,West Sussex,County,"882,670","2,294","2,270",24,"12,808","10,455","2,353",8,0,"885,055",,
E07000223,Adur,Non-metropolitan District,"64,535",168,184,-16,814,707,107,0,0,"64,626",,
E07000224,Arun,Non-metropolitan District,"164,880",352,521,-169,"2,233","1,719",514,0,0,"165,225",,
E07000225,Chichester,Non-metropolitan District,"124,185",286,360,-74,"2,210","1,790",420,0,0,"124,531",,
E07000226,Crawley,Non-metropolitan District,"118,480",418,189,229,"1,424","1,556",-132,3,0,"118,580",,
E07000227,Horsham,Non-metropolitan District,"146,785",392,331,61,"2,404","1,764",640,1,0,"147,487",,
E07000228,Mid Sussex,Non-metropolitan District,"152,505",409,357,52,"2,108","1,718",390,2,0,"152,949",,
E07000229,Worthing,Non-metropolitan District,"111,300",269,328,-59,"1,615","1,201",414,2,0,"111,657",,
E12000009,SOUTH WEST,Region,"5,703,070","14,168","14,354",-186,"75,465","65,513","9,952",4,0,"5,712,840",,
E06000022,Bath and North East Somerset,Unitary Authority,"193,350",486,431,55,"2,776","3,758",-982,0,0,"192,423",,
E06000058,"Bournemouth, Christchurch and Poole",Unitary Authority,"400,060","1,015","1,006",9,"4,673","4,636",37,3,0,"400,109",,
E06000023,"Bristol, City of",Unitary Authority,"472,415","1,475",827,648,"6,672","8,624","-1,952",6,0,"471,117",,
E06000052,Cornwall,Unitary Authority,"570,360","1,295","1,681",-386,"6,197","4,165","2,032",4,0,"572,010",,
E06000059,Dorset,Unitary Authority,"379,570",751,"1,135",-384,"5,682","3,576","2,106",0,0,"381,292",,
E06000053,Isles of Scilly,Unitary Authority,"2,060",5,4,1,251,41,210,0,0,"2,271",,
E06000024,North Somerset,Unitary Authority,"216,720",574,578,-4,"2,598","1,915",683,0,0,"217,399",,
E06000026,Plymouth,Unitary Authority,"264,975",715,629,86,"2,437","2,768",-331,-3,0,"264,727",,
E06000025,South Gloucestershire,Unitary Authority,"290,355",787,583,204,"3,536","3,329",207,-30,0,"290,736",,
E06000030,Swindon,Unitary Authority,"233,350",701,414,287,"1,852","1,788",64,12,0,"233,713",,
E06000027,Torbay,Unitary Authority,"139,265",326,497,-171,"1,665","1,313",352,0,0,"139,446",,
E06000054,Wiltshire,Unitary Authority,"511,485","1,254","1,182",72,"6,653","4,803","1,850",4,0,"513,411",,
E10000008,Devon,County,"812,240","1,782","2,185",-403,"13,140","10,538","2,602",1,0,"814,440",,
E07000040,East Devon,Non-metropolitan District,"151,195",343,459,-116,"2,546","1,506","1,040",1,0,"152,120",,
E07000041,Exeter,Non-metropolitan District,"130,660",287,250,37,"2,006","3,396","-1,390",0,0,"129,307",,
E07000042,Mid Devon,Non-metropolitan District,"82,815",192,212,-20,"1,272",881,391,0,0,"83,186",,
E07000043,North Devon,Non-metropolitan District,"98,825",229,276,-47,"1,613",956,657,0,0,"99,435",,
E07000044,South Hams,Non-metropolitan District,"88,825",188,251,-63,"1,422",971,451,0,0,"89,213",,
E07000045,Teignbridge,Non-metropolitan District,"134,750",286,406,-120,"1,947","1,361",586,0,0,"135,216",,
E07000046,Torridge,Non-metropolitan District,"68,105",144,173,-29,"1,235",836,399,0,0,"68,475",,
E07000047,West Devon,Non-metropolitan District,"57,065",113,158,-45,"1,099",631,468,0,0,"57,488",,
E10000013,Gloucestershire,County,"645,210","1,617","1,617",0,"9,978","8,565","1,413",4,0,"646,627",,
E07000078,Cheltenham,Non-metropolitan District,"118,850",308,272,36,"1,925","1,946",-21,1,0,"118,866",,
E07000079,Cotswold,Non-metropolitan District,"90,825",205,266,-61,"1,758","1,397",361,0,0,"91,125",,
E07000080,Forest of Dean,Non-metropolitan District,"87,125",207,250,-43,"1,141","1,083",58,0,0,"87,140",,
E07000081,Gloucester,Non-metropolitan District,"132,385",381,316,65,"1,708","1,623",85,3,0,"132,538",,
E07000082,Stroud,Non-metropolitan District,"121,090",256,301,-45,"1,766","1,282",484,0,0,"121,529",,
E07000083,Tewkesbury,Non-metropolitan District,"94,935",260,212,48,"1,680","1,234",446,0,0,"95,429",,
E10000027,Somerset,County,"571,655","1,385","1,585",-200,"7,355","5,694","1,661",3,0,"573,119",,
E07000187,Mendip,Non-metropolitan District,"116,080",275,304,-29,"1,565","1,331",234,0,0,"116,285",,
E07000188,Sedgemoor,Non-metropolitan District,"125,275",324,347,-23,"1,640","1,140",500,0,0,"125,752",,
E07000246,Somerset West and Taunton,Non-metropolitan District,"157,525",390,459,-69,"1,943","1,493",450,3,0,"157,909",,
E07000189,South Somerset,Non-metropolitan District,"172,775",396,475,-79,"2,207","1,730",477,0,0,"173,173",,
W92000004,WALES,Country,"3,106,770","7,729","8,215",-486,"26,846","27,714",-868,-6,0,"3,105,410",,
W06000001,Isle of Anglesey,Unitary Authority,"68,895",168,216,-48,564,467,97,0,0,"68,944",,
W06000002,Gwynedd,Unitary Authority,"117,360",273,328,-55,"1,100","1,333",-233,0,0,"117,072",,
W06000003,Conwy,Unitary Authority,"114,695",241,414,-173,"1,147",841,306,0,0,"114,828",,
W06000004,Denbighshire,Unitary Authority,"95,765",270,301,-31,"1,093",782,311,1,0,"96,046",,
W06000005,Flintshire,Unitary Authority,"154,925",398,387,11,"1,099",959,140,0,0,"155,076",,
W06000006,Wrexham,Unitary Authority,"135,065",337,346,-9,861,785,76,0,0,"135,132",,
W06000023,Powys,Unitary Authority,"133,165",274,420,-146,"1,624","1,086",538,0,0,"133,557",,
W06000008,Ceredigion,Unitary Authority,"71,435",137,202,-65,927,"1,638",-711,-1,0,"70,658",,
W06000009,Pembrokeshire,Unitary Authority,"123,435",262,393,-131,"1,046",681,365,0,0,"123,669",,
W06000010,Carmarthenshire,Unitary Authority,"187,840",388,583,-195,"1,749","1,203",546,0,0,"188,191",,
W06000011,Swansea,Unitary Authority,"238,430",582,623,-41,"2,062","2,618",-556,1,0,"237,834",,
W06000012,Neath Port Talbot,Unitary Authority,"142,250",338,440,-102,969,"1,186",-217,0,0,"141,931",,
W06000013,Bridgend,Unitary Authority,"145,450",377,349,28,"1,051",769,282,0,0,"145,760",,
W06000014,Vale of Glamorgan,Unitary Authority,"131,935",338,327,11,"1,476",888,588,0,0,"132,534",,
W06000015,Cardiff,Unitary Authority,"362,220","1,032",676,356,"3,620","6,678","-3,058",-6,0,"359,512",,
W06000016,Rhondda Cynon Taf,Unitary Authority,"237,555",604,609,-5,"1,466","1,517",-51,-2,0,"237,497",,
W06000024,Merthyr Tydfil,Unitary Authority,"58,815",169,145,24,318,291,27,0,0,"58,866",,
W06000018,Caerphilly,Unitary Authority,"175,890",406,448,-42,"1,138",981,157,0,0,"176,005",,
W06000019,Blaenau Gwent,Unitary Authority,"66,905",160,189,-29,454,337,117,0,0,"66,993",,
W06000020,Torfaen,Unitary Authority,"92,260",252,221,31,649,487,162,0,0,"92,453",,
W06000021,Monmouthshire,Unitary Authority,"92,920",188,264,-76,"1,216",866,350,0,0,"93,194",,
W06000022,Newport,Unitary Authority,"159,560",535,334,201,"1,217","1,321",-104,1,0,"159,658",,
N92000002,NORTHERN IRELAND,Country,"1,903,175","5,783","4,032","1,751","3,765","4,966","-1,201",838,0,"1,904,563",,
N09000001,Antrim and Newtownabbey,Local Government District,"145,661",404,273,131,"2,835","2,786",49,10,0,"145,852",,
N09000011,Ards and North Down,Local Government District,"163,659",399,407,-8,"3,971","3,776",195,-17,0,"163,827",,
N09000002,"Armagh City, Banbridge and Craigavon",Local Government District,"218,656",694,412,282,"4,094","3,963",131,56,0,"219,127",,
N09000003,Belfast,Local Government District,"345,418",995,765,230,"7,739","9,057","-1,318",680,0,"345,006",,
N09000004,Causeway Coast and Glens,Local Government District,"141,746",372,306,66,"2,547","2,635",-88,-66,0,"141,664",,
N09000005,Derry City and Strabane,Local Government District,"150,756",493,347,146,"2,626","2,722",-96,28,0,"150,834",,
N09000006,Fermanagh and Omagh,Local Government District,"116,812",356,226,130,"1,840","1,852",-12,-5,0,"116,926",,
N09000007,Lisburn and Castlereagh,Local Government District,"149,106",459,285,174,"3,289","3,343",-55,49,0,"149,272",,
N09000008,Mid and East Antrim,Local Government District,"138,994",418,335,83,"3,131","3,091",39,6,0,"139,127",,
N09000009,Mid Ulster,Local Government District,"150,293",573,270,303,"2,317","2,349",-32,32,0,"150,598",,
N09000010,"Newry, Mourne and Down",Local Government District,"182,074",620,406,214,"3,221","3,235",-14,66,0,"182,345",,
